<?xml version="1.0" encoding="UTF-8"?>
<!-- 日志级别从低到高分为TRACE < DEBUG < INFO < WARN < ERROR < FATAL，如果设置为WARN，则低于WARN的信息都不会输出 -->
<!-- scan:当此属性设置为true时，配置文档如果发生改变，将会被重新加载，默认值为true -->
<!-- scanPeriod:设置监测配置文档是否有修改的时间间隔，如果没有给出时间单位，默认单位是毫秒。
                 当scan为true时，此属性生效。默认的时间间隔为1分钟。 -->
<!-- debug:当此属性设置为true时，将打印出logback内部日志信息，实时查看logback运行状态。默认值为false。 -->
<configuration scan="true" scanPeriod="30 seconds">
    <springProperty scope="context" name="appName" source="spring.application.name"/>

    <!--  彩色日志依赖  -->
    <conversionRule conversionWord="clr" converterClass="org.springframework.boot.logging.logback.ColorConverter"/>
    <conversionRule conversionWord="wex"
                    converterClass="org.springframework.boot.logging.logback.WhitespaceThrowableProxyConverter"/>
    <conversionRule conversionWord="wEx"
                    converterClass="org.springframework.boot.logging.logback.ExtendedWhitespaceThrowableProxyConverter"/>

    <!--  日志文件储存地址, 通过application配置文件传入  -->
    <!--    <springProperty scope="context" name="LOG_PATH" source="logback.logDir" />-->
    <!--定义日志文件的存储地址 勿在 LogBack 的配置中使用相对路径-->
    <property name="LOG_PATH" value="./runtime/logs"/>
    <!--    <property name="appName" value="${appName}"/>-->

    <!--  控制台彩色日志格式  -->
    <property name="CONSOLE_LOG_PATTERN"
              value="${CONSOLE_LOG_PATTERN:-%clr(%d{${LOG_DATEFORMAT_PATTERN:-yyyy-MM-dd HH:mm:ss.SSS}}){faint} %clr(${LOG_LEVEL_PATTERN:-%5p}) %clr(${PID:- }){magenta} %clr(---){faint} %clr([%15.15t]){faint} %clr(%-40.40logger{39}){cyan} %clr(:){faint} %m%n${LOG_EXCEPTION_CONVERSION_WORD:-%wEx}}"/>
    <!--  日志文件日志格式  -->
    <property name="FILE_LOG_PATTERN"
              value="${FILE_LOG_PATTERN:-%d{${LOG_DATEFORMAT_PATTERN:-yyyy-MM-dd HH:mm:ss.SSS}} ${LOG_LEVEL_PATTERN:-%5p} ${PID:- } --- [%15t] %-40.40logger{39} : %m%n${LOG_EXCEPTION_CONVERSION_WORD:-%wEx}}"/>


    <!-- 控制台输出 -->
    <appender name="CONSOLE" class="ch.qos.logback.core.ConsoleAppender">
        <encoder class="ch.qos.logback.classic.encoder.PatternLayoutEncoder">
            <pattern>${CONSOLE_LOG_PATTERN}</pattern>
            <charset>UTF-8</charset>
        </encoder>
        <filter class="ch.qos.logback.classic.filter.LevelFilter">
            <onMatch>ACCEPT</onMatch>
            <onMismatch>DENY</onMismatch>
        </filter>
    </appender>


    <!-- 按照每天及大小生成日志文件 -->
    <appender name="FILE" class="ch.qos.logback.core.rolling.RollingFileAppender">
        <rollingPolicy class="ch.qos.logback.core.rolling.SizeAndTimeBasedRollingPolicy">
            <!--日志文件输出的文件名-->
            <FileNamePattern>${LOG_PATH}/${appName}/%d{yyyy-MM-dd}/%d{yyyy-MM-dd}.%i.log</FileNamePattern>
            <!--日志文件最大大小-->
            <maxFileSize>10MB</maxFileSize>
            <!--日志文件保留天数-->
            <maxHistory>30</maxHistory>
        </rollingPolicy>
        <encoder class="ch.qos.logback.classic.encoder.PatternLayoutEncoder">
            <pattern>${FILE_LOG_PATTERN}</pattern>
            <charset>UTF-8</charset>
        </encoder>
        <!-- 过滤级别,
            如果想分类生成日志文件的话(分成debug、info、error等三个日志文件, 每个文件只记录自己级别的日志),
            1. 直接把这个 <appender> 复制三分改一下 FileNamePattern 和 name.
            2. 把 <filter> 注释去掉改一下 level 就可以了
        -->
        <!--        <filter class="ch.qos.logback.classic.filter.LevelFilter">-->
        <!--            <level>info</level>-->
        <!--            <onMatch>ACCEPT</onMatch>-->
        <!--            <onMismatch>DENY</onMismatch>-->
        <!--        </filter>-->
    </appender>

    <root level="INFO">
        <appender-ref ref="CONSOLE"/>
        <appender-ref ref="FILE"/>
    </root>
</configuration>